{"cameraMode":{"drawMode":0,"name":"Shaded","section":"Shading Mode"},"sceneLighting":false,"audioPlay":false,"sceneViewState":{"m_AlwaysRefresh":false,"showFog":true,"showSkybox":false,"showFlares":true,"showImageEffects":true,"showParticleSystems":true,"showVisualEffectGraphs":true,"m_FxEnabled":true},"in2DMode":false,"pivot":{"x":-0.14133043587207795,"y":-0.6914407014846802,"z":0.7411625385284424},"rotation":{"x":-0.03630591928958893,"y":0.9184088110923767,"z":-0.38430821895599368,"w":-0.08677086979150772},"size":0.8177449107170105,"orthographic":false}