{"cameraMode":{"drawMode":0,"name":"Shaded","section":"Shading Mode"},"sceneLighting":false,"audioPlay":false,"sceneViewState":{"m_AlwaysRefresh":false,"showFog":true,"showSkybox":false,"showFlares":true,"showImageEffects":true,"showParticleSystems":true,"showVisualEffectGraphs":true,"m_FxEnabled":true},"in2DMode":false,"pivot":{"x":-1.9213975667953492,"y":0.3750000596046448,"z":-1.3232126235961915},"rotation":{"x":-0.0013040314661338926,"y":-0.4941853880882263,"z":-0.0007412814302369952,"w":0.869355320930481},"size":0.5485252141952515,"orthographic":false}