{"cameraMode":{"drawMode":0,"name":"Shaded","section":"Shading Mode"},"sceneLighting":true,"audioPlay":false,"sceneViewState":{"m_AlwaysRefresh":false,"showFog":true,"showSkybox":true,"showFlares":true,"showImageEffects":true,"showParticleSystems":true,"showVisualEffectGraphs":true,"m_FxEnabled":true},"in2DMode":false,"pivot":{"x":13.925267219543457,"y":-14.318754196166993,"z":9.822636604309082},"rotation":{"x":0.6809088587760925,"y":-0.0008817451889626682,"z":0.0008190672378987074,"w":0.7323720455169678},"size":16.61008071899414,"orthographic":true}